address_city;address_district;count
ANKARA;CANKAYA;604990
BURSA;OSMANGAZI;537267
ANKARA;KECIOREN;504990
ADANA;SEYHAN;472385
ISTANBUL;BAGCILAR;464783
ISTANBUL;KUCUKCEKMECE;452831
ISTANBUL;KADIKOY;450898
BURSA;YILDIRIM;412262
GAZIANTEP;SAHINBEY;409370
ISTANBUL;BAHCELIEVLER;400784
ISTANBUL;UMRANIYE;397766
ANKARA;YENIMAHALLE;394456
ISTANBUL;USKUDAR;386773
DENIZLI;DENIZLI MERKEZ;364648
ISTANBUL;PENDIK;361148
ANKARA;MAMAK;357056
AYDIN;AYDIN MERKEZ;337912
SANLIURFA;SANLIURFA MERKEZ;337778
GAZIANTEP;SEHITKAMIL;333536
ISTANBUL;FATIH;330333
KONYA;SELCUKLU;327891
IZMIR;KARABAGLAR;323712
KAHRAMANMARAS;KAHRAMANMARAS MERKEZ;315783
ISTANBUL;GAZIOSMANPASA;311358
ISTANBUL;MALTEPE;308877
IZMIR;KONAK;307860
ISTANBUL;KARTAL;306616
MALATYA;MALATYA MERKEZ;304886
ISTANBUL;ESENLER;302527
ADANA;YUREGIR;302500
IZMIR;BUCA;300137
ANKARA;SINCAN;294487
IZMIR;BORNOVA;293220
ISTANBUL;KAGITHANE;292068
KAYSERI;MELIKGAZI;284849
ANTALYA;MURATPASA;278631
ISTANBUL;SULTANGAZI;277983
HATAY;HATAY MERKEZ;273712
ELAZIG;ELAZIG MERKEZ;260156
ESKISEHIR;ODUNPAZARI;259533
ANTALYA;KEPEZ;259371
ANKARA;ALTINDAG;254933
KAYSERI;KOCASINAN;249924
IZMIR;KARSIYAKA;237750
ISTANBUL;ESENYURT;237646
MANISA;MANISA MERKEZ;236730
ISTANBUL;SISLI;236308
ISTANBUL;AVCILAR;235646
BALIKESIR;BALIKESIR MERKEZ;235295
BATMAN;BATMAN MERKEZ;230248
VAN;VAN MERKEZ;229007
ISTANBUL;GUNGOREN;226749
ISTANBUL;EYUP;224597
ADANA;CUKUROVA;224029
SAMSUN;ILKADIM;222224
SIVAS;SIVAS MERKEZ;220815
KOCAELI;IZMIT;220229
IZMIR;BAYRAKLI;219597
AYDIN;NAZILLI;215614
TRABZON;TRABZON MERKEZ;213422
ESKISEHIR;TEPEBASI;207306
MARDIN;KIZILTEPE;204904
MERSIN;TARSUS;204490
HATAY;ISKENDERUN;204073
KONYA;MERAM;203624
ISTANBUL;SARIYER;202841
ISTANBUL;ZEYTINBURNU;199651
BURSA;NILUFER;197840
ISTANBUL;ATASEHIR;196697
ISTANBUL;BAYRAMPASA;193558
KOCAELI;GEBZE;190029
DIYARBAKIR;BAGLAR;189965
MERSIN;AKDENIZ;182124
MERSIN;TOROSLAR;176647
CORUM;CORUM MERKEZ;175721
ANKARA;ETIMESGUT;174294
SAKARYA;ADAPAZARI;172787
ISTANBUL;BEYKOZ;172483
ISTANBUL;BEYOGLU;171442
ISTANBUL;BAKIRKOY;170416
ISTANBUL;SULTANBEYLI;169888
TEKIRDAG;CORLU;166999
KUTAHYA;KUTAHYA MERKEZ;166664
AYDIN;SOKE;165308
AKSARAY;AKSARAY MERKEZ;164241
AFYONKARAHISAR;AFYONKARAHISAR MERKEZ;164134
KONYA;KARATAY;161829
BINGOL;BINGOL MERKEZ;161446
ZONGULDAK;ZONGULDAK MERKEZ;160446
ADIYAMAN;ADIYAMAN MERKEZ;158529
ISTANBUL;SANCAKTEPE;157365
ANTALYA;ALANYA;156986
USAK;USAK MERKEZ;153003
ISTANBUL;BESIKTAS;151537
KIRIKKALE;KIRIKKALE MERKEZ;144179
ISPARTA;ISPARTA MERKEZ;143587
BURSA;INEGOL;143025
OSMANIYE;OSMANIYE MERKEZ;139033
MARDIN;MARDIN MERKEZ;136332
ISTANBUL;BEYLIKDUZU;135679
MERSIN;YENISEHIR;131316
DUZCE;DUZCE MERKEZ;130352
MUGLA;FETHIYE;127982
ISTANBUL;BASAKSEHIR;125232
ORDU;ORDU MERKEZ;124672
NIGDE;NIGDE MERKEZ;124636
ZONGULDAK;EREGLI/ZONGULDAK;123775
MARDIN;NUSAYBIN;121640
TEKIRDAG;TEKIRDAG MERKEZ;121386
TOKAT;TOKAT MERKEZ;120856
MANISA;AKHISAR;119942
MARDIN;MIDYAT;119660
ANTALYA;MANAVGAT;119242
AYDIN;KUSADASI;116866
MANISA;SALIHLI;116614
ERZURUM;YAKUTIYE;114830
IZMIR;CIGLI;114462
EDIRNE;EDIRNE MERKEZ;113420
ISTANBUL;TUZLA;113395
BOLU;BOLU MERKEZ;113325
CANKIRI;CANKIRI MERKEZ;113238
ISTANBUL;BUYUKCEKMECE;112641
KARAMAN;KARAMAN MERKEZ;111765
DIYARBAKIR;KAYAPINAR;109493
DIYARBAKIR;YENISEHIR;108308
ADANA;CEYHAN;105113
SAMSUN;BAFRA;102115
BARTIN;BARTIN MERKEZ;101943
MANISA;TURGUTLU;99366
BALIKESIR;BANDIRMA;98927
IZMIR;ODEMIS;98701
SANLIURFA;SIVEREK;98184
ISTANBUL;ARNAVUTKOY;98068
KIRKLARELI;LULEBURGAZ;98014
ERZURUM;PALANDOKEN;97442
TEKIRDAG;CERKEZKOY;96836
KOCAELI;GOLCUK;95431
RIZE;RIZE MERKEZ;95036
ISTANBUL;CEKMEKOY;94411
SAMSUN;CARSAMBA;94192
ERZINCAN;ERZINCAN MERKEZ;92770
KONYA;EREGLI/KONYA;91802
MUGLA;MILAS;91594
AMASYA;AMASYA MERKEZ;91178
HATAY;DORTYOL;90988
KOCAELI;DARICA;88862
CANAKKALE;CANAKKALE MERKEZ;88555
KOCAELI;KORFEZ;88320
ISTANBUL;SILIVRI;88152
MERSIN;MEZITLI;88043
MERSIN;ERDEMLI;87363
KARABUK;KARABUK MERKEZ;86845
KOCAELI;DERINCE;86707
KASTAMONU;KASTAMONU MERKEZ;86660
MUS;MUS MERKEZ;86611
GIRESUN;GIRESUN MERKEZ;86371
ADANA;KOZAN;85565
IZMIR;TORBALI;85405
KIRSEHIR;KIRSEHIR MERKEZ;85276
IZMIR;MENEMEN;84809
KAHRAMANMARAS;ELBISTAN;83963
BALIKESIR;EDREMIT/BALIKESIR;83592
MUGLA;BODRUM;83563
AYDIN;CINE;82728
HATAY;SAMANDAGI;82571
MERSIN;SILIFKE;81104
ORDU;UNYE;80178
SAMSUN;ATAKUM;78976
GAZIANTEP;NIZIP;78357
NEVSEHIR;NEVSEHIR MERKEZ;78161
TRABZON;AKCAABAT;77605
VAN;ERCIS;77502
IZMIR;GAZIEMIR;77260
OSMANIYE;KADIRLI;76374
YALOVA;YALOVA MERKEZ;75888
BURSA;MUSTAFA K.PASA;75867
ANKARA;POLATLI;75192
KUTAHYA;TAVSANLI;74834
SANLIURFA;VIRANSEHIR;74153
IZMIR;BERGAMA;73889
ZONGULDAK;CAYCUMA;73674
MUGLA;MUGLA MERKEZ;72860
ANTALYA;SERIK;72699
MANISA;SOMA;71971
BURSA;GEMLIK;71614
MANISA;ALASEHIR;71517
ADANA;SARICAM;71249
KONYA;AKSEHIR;71229
AGRI;AGRI MERKEZ;70985
BURDUR;BURDUR MERKEZ;69166
ORDU;FATSA;69074
IGDIR;IGDIR MERKEZ;68726
KARS;KARS MERKEZ;68557
DIYARBAKIR;SUR;68309
AYDIN;DIDIM;68066
SIIRT;SIIRT MERKEZ;67321
ANTALYA;KONYAALTI;66943
SAMSUN;VEZIRKOPRU;66001
YOZGAT;YOZGAT MERKEZ;64874
TOKAT;ERBAA;64791
HATAY;KIRIKHAN;64178
CANAKKALE;BIGA;63078
ADIYAMAN;KAHTA;62866
KIRKLARELI;KIRKLARELI MERKEZ;62833
DIYARBAKIR;ERGANI;62200
AYDIN;GERMENCIK;61956
TOKAT;TURHAL;60734
IZMIR;KEMALPASA;60708
IZMIR;BALCOVA;60693
ANKARA;PURSAKLAR;59348
AYDIN;INCIRLIOVA;59322
KOCAELI;KARTEPE;58675
IZMIR;TIRE;58596
KILIS;KILIS MERKEZ;58000
YOZGAT;SORGUN;57973
SAMSUN;CANIK;57940
BURSA;KARACABEY;57676
SAKARYA;AKYAZI;57548
EDIRNE;KESAN;56850
KUTAHYA;SIMAV;56582
DIYARBAKIR;BISMIL;56108
AGRI;DOGUBAYAZIT;56028
MARDIN;DERIK;55882
BALIKESIR;GONEN/BALIKESIR;55875
AGRI;PATNOS;55857
ANKARA;GOLBASI/ANKARA;54359
BURSA;ORHANGAZI;54245
AYDIN;BOZDOGAN;54170
KAHRAMANMARAS;AFSIN;54062
SAMSUN;TERME;53826
EDIRNE;UZUNKOPRU;53797
SAKARYA;HENDEK;53543
MUGLA;MARMARIS;53513
ANKARA;CUBUK;52665
KAYSERI;TALAS;52656
SANLIURFA;SURUC;52119
HAKKARI;YUKSEKOVA;51940
ADIYAMAN;BESNI;50901
AMASYA;MERZIFON;50205
KONYA;BEYSEHIR;50040
KOCAELI;CAYIROVA;49998
KAHRAMANMARAS;PAZARCIK;49470
SAKARYA;SERDIVAN;49256
SAKARYA;ERENLER;48936
SIRNAK;CIZRE;48548
BURSA;MUDANYA;48053
OSMANIYE;DUZICI;47997
IZMIR;MENDERES;47778
HATAY;REYHANLI;47772
ZONGULDAK;DEVREK;47681
TOKAT;ZILE;47560
TOKAT;NIKSAR;46918
AYDIN;KUYUCAK;46772
BILECIK;BOZUYUK;46635
KONYA;SEYDISEHIR;46232
MERSIN;ANAMUR;45737
SANLIURFA;BIRECIK;45710
ANTALYA;KUMLUCA;45603
BALIKESIR;AYVALIK;45521
AFYONKARAHISAR;SANDIKLI;45372
DENIZLI;CIVRIL;45239
MERSIN;MUT;44978
IZMIR;ALIAGA;44781
KOCAELI;BASISKELE;44116
BURDUR;BUCAK;43271
ISTANBUL;CATALCA;43266
GIRESUN;BULANCAK;43098
SIRNAK;SILOPI;43087
CORUM;SUNGURLU;42820
KAYSERI;DEVELI;42788
TEKIRDAG;MALKARA;42764
BINGOL;GENC;42722
IZMIR;NARLIDERE;42703
DIYARBAKIR;SILVAN;42644
KONYA;ILGIN;42633
DENIZLI;ACIPAYAM;42497
MANISA;SARUHANLI;42292
TUNCELI;TUNCELI MERKEZ;41904
KONYA;CUMRA;41569
MUS;BULANIK;41392
HAKKARI;HAKKARI MERKEZ;41088
NIGDE;BOR;41021
KONYA;CIHANBEYLI;40976
SINOP;SINOP MERKEZ;40966
GAZIANTEP;ISLAHIYE;40843
ISPARTA;YALVAC;40680
BILECIK;BILECIK MERKEZ;40672
BITLIS;TATVAN;40652
AYDIN;KOCARLI;40610
KUTAHYA;GEDIZ;40474
CANAKKALE;CAN;40216
KIRKLARELI;BABAESKI;39894
DENIZLI;TAVAS;39048
AYDIN;KOSK;38802
BAYBURT;BAYBURT MERKEZ;38766
MANISA;DEMIRCI;38440
BURSA;YENISEHIR;38322
KAHRAMANMARAS;TURKOGLU;38062
KARABUK;SAFRANBOLU;37526
BALIKESIR;BIGADIC;37407
MARDIN;SAVUR;37064
BINGOL;SOLHAN;36898
BALIKESIR;BURHANIYE;36847
SAKARYA;KARASU;36702
IZMIR;URLA;36605
KOCAELI;KARAMURSEL;36587
KAHRAMANMARAS;GOKSUN;36212
ANTALYA;AKSU;36181
ANTALYA;KAS;35899
BURSA;GURSU;35764
AFYONKARAHISAR;DINAR;35660
SANLIURFA;CEYLANPINAR;35589
ANTALYA;KORKUTELI;35515
HATAY;ALTINOZU;35426
BINGOL;KARLIOVA;35150
MUGLA;YATAGAN;35064
SANLIURFA;AKCAKALE;34904
ANKARA;BEYPAZARI;34652
KOCAELI;KANDIRA;34552
MANISA;KULA;34484
YOZGAT;AKDAGMADENI;34340
BALIKESIR;DURSUNBEY;34122
BITLIS;BITLIS MERKEZ;33961
SAMSUN;TEKKEKOY;33950
ANTALYA;GAZIPASA;33882
SIRNAK;SIRNAK MERKEZ;33802
ERZURUM;AZIZIYE;33651
ZONGULDAK;ALAPLI;33558
HATAY;HASSA;33555
BURSA;KESTEL;33546
ANKARA;ELMADAG;33120
TEKIRDAG;SARAY/TEKIRDAG;33106
SAMSUN;HAVZA;33004
AMASYA;SULUOVA;32987
SAKARYA;GEYVE;32968
VAN;OZALP;32964
TRABZON;ARAKLI;32907
ANTALYA;FINIKE;32881
BURSA;IZNIK;32823
IZMIR;KIRAZ;32787
AFYONKARAHISAR;BOLVADIN;32511
BALIKESIR;SUSURLUK;32393
AYDIN;SULTANHISAR;32330
CORUM;OSMANCIK;32286
MARDIN;MAZIDAGI;32002
BALIKESIR;SINDIRGI;31973
KIRSEHIR;KAMAN;31809
IZMIR;BAYINDIR;31685
KASTAMONU;TOSYA;31680
SIVAS;YILDIZELI;31655
AFYONKARAHISAR;EMIRDAG;31586
AYDIN;KARACASU;31560
ADIYAMAN;GOLBASI/ADIYAMAN;31381
CANAKKALE;GELIBOLU;31205
KASTAMONU;TASKOPRU;30974
TOKAT;RESADIYE;30886
SINOP;BOYABAT;30861
RIZE;CAYELI;30620
KONYA;KULU;30606
KONYA;KARAPINAR;30431
SANLIURFA;BOZOVA;30394
YOZGAT;SARIKAYA;30192
MANISA;KIRKAGAC;30140
CORUM;ISKILIP;30126
TRABZON;OF;29865
MUGLA;ORTACA;29763
AFYONKARAHISAR;SINANPASA;29409
CANAKKALE;YENICE/CANAKKALE;29268
DIYARBAKIR;CINAR;29235
YOZGAT;YERKOY;29071
USAK;BANAZ;28997
MUS;MALAZGIRT;28966
BALIKESIR;IVRINDI;28758
AFYONKARAHISAR;SUHUT;28679
BATMAN;KOZLUK;28672
SIVAS;SARKISLA;28625
SIRNAK;IDIL;28622
KARS;SARIKAMIS;28381
MALATYA;DOGANSEHIR;28159
VAN;BASKALE;28139
DUZCE;AKCAKOCA;28016
USAK;ESME;27922
KARS;KAGIZMAN;27803
CORUM;ALACA;27783
MANISA;SARIGOL;27717
VAN;CALDIRAN;27681
TEKIRDAG;HAYRABOLU;27530
KAHRAMANMARAS;ANDIRIN;27430
DIYARBAKIR;CERMIK;27356
GUMUSHANE;KELKIT;27308
RIZE;ARDESEN;27245
AKSARAY;ORTAKOY;27188
ANTALYA;ELMALI;27087
SIIRT;KURTALAN;27026
ANTALYA;DOSEMEALTI;26757
MARDIN;DARGECIT;26668
ORDU;PERSEMBE;26573
SANLIURFA;HARRAN;26143
GUMUSHANE;GUMUSHANE MERKEZ;26028
BALIKESIR;ERDEK;25887
HATAY;ERZIN;25648
ISPARTA;EGIRDIR;25587
AMASYA;TASOVA;25518
ARDAHAN;ARDAHAN MERKEZ;25468
IZMIR;SELCUK;25332
NEVSEHIR;AVANOS;25330
SAKARYA;SAPANCA;25290
BOLU;GEREDE;25211
YOZGAT;BOGAZLIYAN;25200
NEVSEHIR;URGUP;25186
KOCAELI;DILOVASI;25051
CANAKKALE;BAYRAMIC;25028
ANKARA;SEREFLIKOCHISAR;24960
VAN;MURADIYE;24912
ORDU;GOLKOY;24887
MANISA;GORDES;24846
KAYSERI;YAHYALI;24844
CANAKKALE;EZINE;24714
AFYONKARAHISAR;CAY;24668
SAKARYA;ARIFIYE;24584
SANLIURFA;HALFETI;24547
ERZURUM;HORASAN;24178
ANKARA;NALLIHAN;24172
ANKARA;KAZAN;24090
CANAKKALE;AYVACIK/CANAKKALE;23840
ANKARA;HAYMANA;23800
TEKIRDAG;SARKOY;23510
ARTVIN;ARTVIN MERKEZ;23435
RIZE;PAZAR/RIZE;23276
MUGLA;DALAMAN;23214
MUGLA;KOYCEGIZ;23202
EDIRNE;IPSALA;23019
KONYA;KADINHANI;22991
ELAZIG;KOVANCILAR;22909
KAYSERI;BUNYAN;22839
KIRKLARELI;VIZE;22704
ARTVIN;HOPA;22678
ANTALYA;KEMER/ANTALYA;22623
IZMIR;DIKILI;22615
MERSIN;GULNAR;22519
IZMIR;CESME;22489
DENIZLI;SARAYKOY;22354
GIRESUN;GORELE;22336
GAZIANTEP;NURDAGI;22310
KARAMAN;ERMENEK;22209
KONYA;BOZKIR;22035
DIYARBAKIR;DICLE;22019
ORDU;KUMRU;21976
GIRESUN;ESPIYE;21718
AGRI;DIYADIN;21694
ERZURUM;OLTU;21628
ORDU;KORGAN;21591
GIRESUN;TIREBOLU;21534
AGRI;ELESKIRT;21533
SAMSUN;ALACAM;21526
MALATYA;YESILYURT/MALATYA;21523
CANKIRI;CERKES;21416
ISPARTA;SARKIKARAAGAC;21409
HAKKARI;SEMDINLI;21397
AYDIN;YENIPAZAR/AYDIN;21344
ORDU;AKKUS;21254
MALATYA;DARENDE;21054
CANKIRI;ILGAZ;20974
ADANA;IMAMOGLU;20939
TRABZON;YOMRA;20850
CANAKKALE;LAPSEKI;20797
KAYSERI;PINARBASI/KAYSERI;20507
BITLIS;ADILCEVAZ;20493
BALIKESIR;HAVRAN;20437
DENIZLI;BULDAN;20419
BITLIS;GUROYMAK;20385
TOKAT;ALMUS;20323
IZMIR;KINIK;20275
SANLIURFA;HILVAN;20183
DENIZLI;HONAZ;20134
TRABZON;SURMENE;19990
SIVAS;GEMEREK;19937
AYDIN;KARPUZLU;19804
VAN;GURPINAR;19754
AMASYA;GUMUSHACIKOY;19648
TRABZON;VAKFIKEBIR;19616
TEKIRDAG;MURATLI;19593
MUS;VARTO;19544
MALATYA;AKCADAG;19513
AFYONKARAHISAR;IHSANIYE;19484
ARDAHAN;GOLE;19450
BALIKESIR;KEPSUT;19411
BITLIS;AHLAT;19403
BITLIS;HIZAN;19367
ANKARA;KIZILCAHAMAM;19246
KONYA;YUNAK;19231
ELAZIG;KARAKOCAN;19213
KONYA;SARAYONU;19190
GAZIANTEP;ARABAN;19106
ISTANBUL;SILE;19051
BARTIN;ULUS;19033
ERZURUM;PASINLER;19006
SIVAS;SUSEHRI;18889
HATAY;BELEN;18758
IZMIR;SEFERIHISAR;18719
YALOVA;CIFTLIKKOY;18705
MERSIN;BOZYAZI;18689
KAYSERI;TOMARZA;18671
SAKARYA;PAMUKOVA;18655
ESKISEHIR;SIVRIHISAR;18607
YOZGAT;CEKEREK;18601
TRABZON;MACKA;18557
MUGLA;ULA;18556
AYDIN;BUHARKENT;18466
KUTAHYA;EMET;18251
KARABUK;YENICE/KARABUK;18249
ERZURUM;HINIS;18204
DIYARBAKIR;KULP;18104
NEVSEHIR;GULSEHIR;17987
DENIZLI;CAL;17984
BALIKESIR;MANYAS;17980
YALOVA;CINARCIK;17925
ZONGULDAK;GOKCEBEY;17917
SIVAS;KANGAL;17879
BURSA;ORHANELI;17861
CANKIRI;ORTA;17816
GAZIANTEP;OGUZELI;17695
SINOP;AYANCIK;17693
ANTALYA;DEMRE;17652
KAHRAMANMARAS;CAGLIYANCERIT;17635
ORDU;AYBASTI;17579
MARDIN;YESILLI;17510
MALATYA;BATTALGAZI;17492
SAMSUN;ONDOKUZMAYIS;17464
TRABZON;ARSIN;17399
EDIRNE;HAVSA;17388
CORUM;BAYAT/CORUM;17301
AGRI;TUTAK;17245
MANISA;SELENDI;17243
KASTAMONU;INEBOLU;17164
ARTVIN;BORCKA;16888
NIGDE;ULUKISLA;16859
SAKARYA;FERIZLI;16850
NIGDE;CIFTLIK;16838
SAKARYA;KOCAALI;16834
MALATYA;HEKIMHAN;16769
ARTVIN;YUSUFELI;16757
MARDIN;OMERLI;16694
TUNCELI;PERTEK;16666
ADANA;KARAISALI;16449
KONYA;DOGANHISAR;16426
IZMIR;FOCA;16425
SAKARYA;KAYNARCA;16235
TRABZON;BESIKDUZU;16164
GIRESUN;SEBINKARAHISAR;16126
SINOP;GERZE;16115
GIRESUN;DERELI;16052
ERZURUM;KARAYAZI;16049
GIRESUN;KESAP;16013
BOLU;MUDURNU;15975
ANKARA;AKYURT;15973
BITLIS;MUTKI;15968
SIVAS;ZARA;15945
ERZURUM;ASKALE;15812
ANKARA;BALA;15804
KASTAMONU;ARAC;15749
USAK;SIVASLI;15723
BURDUR;GOLHISAR;15723
CANKIRI;YAPRAKLI;15684
YALOVA;ALTINOVA;15667
SAMSUN;AYVACIK/SAMSUN;15645
DENIZLI;KALE/DENIZLI;15644
ERZURUM;TEKMAN;15628
KASTAMONU;CIDE;15621
DIYARBAKIR;HANI;15561
IZMIR;GUZELBAHCE;15466
SAMSUN;KAVAK;15372
BILECIK;OSMANELI;15353
VAN;GEVAS;15326
DIYARBAKIR;LICE;15300
DENIZLI;CAMELI;15291
MUS;HASKOY;15281
KARS;SELIM;15278
KIRKLARELI;PINARHISAR;15276
ORDU;ULUBEY/ORDU;15195
AKSARAY;ESKIL;15174
BALIKESIR;SAVASTEPE;15167
YOZGAT;CAYIRALAN;15161
ERZURUM;TORTUM;14963
ARTVIN;SAVSAT;14875
BATMAN;BESIRI;14848
KIRIKKALE;KESKIN;14840
SIRNAK;ULUDERE;14789
AFYONKARAHISAR;SULTANDAGI;14740
IGDIR;TUZLUCA;14727
AFYONKARAHISAR;ISCEHISAR;14702
ADANA;KARATAS;14700
BATMAN;SASON;14679
BURDUR;YESILOVA;14639
ERZURUM;SENKAYA;14611
KARS;DIGOR;14597
KONYA;HUYUK;14560
CORUM;MECITOZU;14557
SIVAS;GURUN;14530
DUZCE;KAYNASLI;14420
SINOP;DURAGAN;14374
MALATYA;PUTURGE;14342
KUTAHYA;ALTINTAS;14253
HATAY;YAYLADAG;14250
BILECIK;SOGUT;14220
ARTVIN;ARHAVI;14210
ADIYAMAN;GERGER;14187
DUZCE;GOLYAKA;14172
AKSARAY;GULAGAC;13981
KIRSEHIR;MUCUR;13925
KAYSERI;INCESU;13859
ADANA;POZANTI;13853
OSMANIYE;BAHCE;13838
NEVSEHIR;DERINKUYU;13774
KARS;ARPACAY;13720
SIIRT;PERVARI;13715
SIIRT;BAYKAN;13681
SAMSUN;LADIK;13656
TUNCELI;MAZGIRT;13642
GIRESUN;YAGLIDERE;13627
KUTAHYA;DOMANIC;13531
SAMSUN;SALIPAZARI;13492
EDIRNE;MERIC;13462
CANKIRI;SABANOZU;13438
ADANA;YUMURTALIK;13422
NEVSEHIR;ACIGOL;13350
CORUM;KARGI;13339
SIVAS;DIVRIGI;13283
ADANA;TUFANBEYLI;13283
ELAZIG;PALU;13279
YOZGAT;SEFAATLI;13245
BATMAN;GERCUS;13200
ERZURUM;ISPIR;13192
ISPARTA;GELENDOST;13122
ADANA;FEKE;13052
ESKISEHIR;SEYITGAZI;12969
TEKIRDAG;MARMARAEREGLISI;12932
BALIKESIR;BALYA;12925
VAN;EDREMIT/VAN;12870
ORDU;GURGENTEPE;12691
BOLU;GOYNUK;12682
GUMUSHANE;SIRAN;12610
ERZURUM;KARACOBAN;12580
ISPARTA;KECIBORLU;12578
MUS;KORKUT;12546
CANKIRI;KURSUNLU;12504
GAZIANTEP;YAVUZELI;12471
KAYSERI;SARIOGLAN;12454
DUZCE;YIGILCA;12413
ORDU;IKIZCE;12373
KIRSEHIR;CICEKDAGI;12354
ADANA;ALADAG;12297
CANKIRI;KIZILIRMAK;12268
KAYSERI;YESILHISAR;12263
DIYARBAKIR;EGIL;12213
ESKISEHIR;CIFTELER;12108
TRABZON;TONYA;12002
MANISA;AHMETLI;11978
ERZURUM;CAT;11960
MUGLA;DATCA;11953
BURSA;KELES;11944
USAK;ULUBEY/USAK;11928
BARTIN;AMASRA;11903
ADIYAMAN;SINCIK;11860
DUZCE;CILIMLI;11825
IGDIR;ARALIK;11761
RIZE;FINDIKLI;11733
YOZGAT;SARAYKENT;11729
ANKARA;KALECIK;11723
TUNCELI;CEMISGEZEK;11720
ADANA;SAIMBEYLI;11661
NEVSEHIR;KOZAKLI;11648
BOLU;MENGEN;11596
ERZINCAN;TERCAN;11543
TRABZON;CARSIBASI;11523
ANTALYA;AKSEKI;11422
AGRI;TASLICAY;11396
SAMSUN;ASARCIK;11396
TRABZON;DUZKOY;11332
KUTAHYA;HISARCIK;11306
DENIZLI;SERINHISAR;11201
MANISA;GOLMARMARA;11199
ERZURUM;NARMAN;11068
VAN;SARAY/VAN;11041
ELAZIG;BASKIL;10994
GIRESUN;PIRAZIZ;10883
VAN;CATAK;10842
AGRI;HAMUR;10798
KONYA;HADIM;10783
OSMANIYE;SUMBAS;10741
SINOP;TURKELI;10710
GIRESUN;EYNESIL;10564
DUZCE;GUMUSOVA;10417
YOZGAT;KADISEHRI;10385
ORDU;CATALPINAR;10374
SAKARYA;SOGUTLU;10346
TOKAT;PAZAR/TOKAT;10340
ELAZIG;MADEN;10305
IZMIR;BEYDAG;10279
KAHRAMANMARAS;NURHAK;10252
NIGDE;CAMARDI;10219
KASTAMONU;DEVREKANI;10208
SIIRT;SIRVAN;10171
TRABZON;CAYKARA;10082
KARABUK;ESKIPAZAR;10041
MALATYA;YAZIHAN;10038
ISPARTA;SUTCULER;10014
BURSA;BUYUKORHAN;10011
NIGDE;ALTUNHISAR;9992
ORDU;MESUDIYE;9931
ISPARTA;SENIRKENT;9863
ESKISEHIR;ALPU;9851
SIVAS;KOYULHISAR;9848
ADIYAMAN;CELIKHAN;9657
ANKARA;AYAS;9649
KAHRAMANMARAS;EKINOZU;9625
ORDU;CAYBASI;9543
ERZURUM;KOPRUKOY;9501
KARAMAN;SARIVELILER;9495
NEVSEHIR;HACIBEKTAS;9491
TRABZON;SALPAZARI;9474
BURDUR;CAVDIR;9461
SINOP;ERFELEK;9451
USAK;KARAHALLI;9415
KONYA;ALTINEKIN;9411
BILECIK;GOLPAZARI;9344
BILECIK;PAZARYERI;9340
ORDU;KABATAS;9318
KIRIKKALE;YAHSIHAN;9314
AKSARAY;GUZELYURT;9191
AMASYA;GOYNUCEK;9177
ELAZIG;ARICAK;9153
ARTVIN;ARDANUC;9142
DENIZLI;BOZKURT/DENIZLI;9135
DENIZLI;GUNEY;9056
TUNCELI;HOZAT;9046
ERZINCAN;UZUMLU;9023
CANKIRI;ELDIVAN;8978
RIZE;KALKANDERE;8977
SIIRT;ERUH;8957
GUMUSHANE;TORUL;8899
DIYARBAKIR;HAZRO;8885
KAYSERI;SARIZ;8878
DUZCE;CUMAYERI;8832
KUTAHYA;ASLANAPA;8820
TUNCELI;OVACIK/TUNCELI;8784
RIZE;GUNEYSU;8767
ESKISEHIR;MIHALICCIK;8690
GUMUSHANE;KURTUN;8589
SIRNAK;BEYTUSSEBAP;8530
IGDIR;KARAKOYUNLU;8502
MALATYA;ARAPGIR;8482
OSMANIYE;TOPRAKKALE;8458
KILIS;MUSABEYLI;8394
BALIKESIR;GOMEC;8281
KAYSERI;HACILAR;8279
KARS;SUSUZ;8265
HATAY;KUMLU;8254
EDIRNE;ENEZ;8231
YOZGAT;AYDINCIK/YOZGAT;8227
AFYONKARAHISAR;BASMAKCI;8183
MERSIN;AYDINCIK/ICEL;8153
AFYONKARAHISAR;DAZKIRI;8149
ANKARA;GUDUL;8138
AFYONKARAHISAR;HOCALAR;8136
ISTANBUL;ADALAR;8120
SAKARYA;KARAPURCEK;8110
DIYARBAKIR;KOCAKOY;8079
VAN;BAHCESARAY;8077
AKSARAY;AGACOREN;8075
MUGLA;KAVAKLIDERE;8041
KIRIKKALE;DELICE;8033
DIYARBAKIR;CUNGUS;7999
AFYONKARAHISAR;COBANLAR;7933
KARS;AKYAKA;7889
BURDUR;TEFENNI;7886
ADIYAMAN;TUT;7857
ORDU;CAMAS;7825
KONYA;DEREBUCAK;7805
MERSIN;CAMLIYAYLA;7800
KASTAMONU;DADAY;7797
ERZINCAN;REFAHIYE;7574
ARDAHAN;CILDIR;7556
KONYA;CELTIK;7501
CANAKKALE;ECEABAT;7429
MANISA;KOPRUBASI/MANISA;7395
TOKAT;ARTOVA;7348
KARAMAN;AYRANCI;7347
GIRESUN;ALUCRA;7306
ARDAHAN;HANAK;7289
KIRSEHIR;AKPINAR;7282
KARABUK;EFLANI;7273
KONYA;GUNEYSINIR;7264
TOKAT;YESILYURT/TOKAT;7257
SIVAS;ULAS;7243
BURDUR;AGLASUN;7188
DENIZLI;CARDAK;7018
CANKIRI;ATKARACALAR;7016
GAZIANTEP;KARKAMIS;6999
SIVAS;HAFIK;6974
KASTAMONU;BOZKURT/KASTAMONU;6893
ERZINCAN;CAYIRLI;6885
DENIZLI;BEKILLI;6878
KUTAHYA;CAVDARHISAR;6856
ANTALYA;GUNDOGMUS;6856
KIRIKKALE;SULAKYURT;6727
ERZURUM;OLUR;6669
IZMIR;KARABURUN;6661
ARDAHAN;POSOF;6660
SAMSUN;YAKAKENT;6608
ELAZIG;SIVRICE;6588
ANKARA;CAMLIDERE;6538
ERZURUM;UZUNDERE;6526
KUTAHYA;SAPHANE;6500
CORUM;ORTAKOY/CORUM;6457
ORDU;GULYALI;6448
SIVAS;ALTINYAYLA/SIVAS;6423
BINGOL;KIGI;6394
ESKISEHIR;MAHMUDIYE;6361
BURSA;HARMANCIK;6351
KASTAMONU;AZDAVAY;6329
MALATYA;KULUNCAK;6323
RIZE;IYIDERE;6315
KIRKLARELI;DEMIRKOY;6294
BURDUR;KARAMANLI;6267
MALATYA;ARGUVAN;6251
KONYA;EMIRGAZI;6248
BALIKESIR;MARMARA;6240
ISPARTA;GONEN/ISPARTA;6226
EDIRNE;LALAPASA;6181
AFYONKARAHISAR;EVCILER;6175
BOLU;YENICAGA;6158
BARTIN;KURUCASILE;6103
BAYBURT;DEMIROZU;6094
AFYONKARAHISAR;BAYAT/AFYON;5974
KONYA;TUZLUKCU;5905
TOKAT;SULUSARAY;5892
ADIYAMAN;SAMSAT;5884
ISPARTA;ULUBORLU;5844
KAYSERI;AKKISLA;5841
CORUM;DODURGA;5823
RIZE;DEREPAZARI;5822
GIRESUN;GUCE;5820
ESKISEHIR;INONU;5795
CANKIRI;KORGUN;5782
TRABZON;HAYRAT;5768
CORUM;OGUZLAR;5729
EDIRNE;SULOGLU;5713
SIVAS;IMRANLI;5690
ESKISEHIR;GUNYUZU;5664
KIRIKKALE;BALISEYH;5662
KASTAMONU;CATALZEYTIN;5641
KASTAMONU;DOGANYURT;5639
DENIZLI;BABADAG;5628
KONYA;TASKENT;5604
CORUM;UGURLUDAG;5578
ESKISEHIR;BEYLIKOVA;5538
GIRESUN;CAMOLUK;5481
BOLU;SEBEN;5399
SAKARYA;TARAKLI;5398
GIRESUN;CANAKCI;5392
HAKKARI;CUKURCA;5350
KASTAMONU;KURE;5311
DENIZLI;BEYAGAC;5311
BOLU;DORTDIVAN;5273
YALOVA;ARMUTLU;5217
ERZINCAN;KEMAH;5177
ELAZIG;ALACAKAYA;5175
SINOP;DIKMEN;5071
DENIZLI;BAKLAN;5062
KAYSERI;FELAHIYE;5011
KUTAHYA;PAZARLAR;5006
BURDUR;CELTIKCI;4983
YOZGAT;YENIFAKILI;4971
KONYA;AKOREN;4927
CANAKKALE;GOKCEADA;4916
KIRIKKALE;BAHSILI;4907
GUMUSHANE;KOSE;4885
GIRESUN;DOGANKENT;4824
ORDU;KABADUZ;4818
ARDAHAN;DAMAL;4817
ELAZIG;KEBAN;4817
BAYBURT;AYDINTEPE;4815
KASTAMONU;IHSANGAZI;4792
RIZE;CAMLIHEMSIN;4790
ARTVIN;MURGUL;4764
TUNCELI;NAZIMIYE;4758
AKSARAY;SARIYAHSI;4733
CORUM;LACIN;4721
KIRSEHIR;BOZTEPE;4688
YOZGAT;CANDIR;4650
ISPARTA;ATABEY;4619
MALATYA;KALE/MALATYA;4512
KASTAMONU;PINARBASI/KASTAMONU;4465
ESKISEHIR;SARICAKAYA;4441
SIVAS;AKINCILAR;4421
RIZE;IKIZDERE;4394
ERZINCAN;ILIC;4339
TRABZON;KOPRUBASI/TRABZON;4327
TUNCELI;PULUMUR;4288
KIRSEHIR;AKCAKENT;4180
CANKIRI;BAYRAMOREN;4172
KONYA;DERBENT;4117
SINOP;SARAYDUZU;4068
BURDUR;ALTINYAYLA/BURDUR;4044
ISPARTA;AKSU;4042
KASTAMONU;SENPAZAR;4038
BINGOL;YEDISU;4002
KONYA;AHIRLI;3996
KILIS;ELBEYLI;3984
ERZINCAN;KEMALIYE;3958
KONYA;HALKAPINAR;3925
SIRNAK;GUCLUKONAK;3850
AMASYA;HAMAMOZU;3819
KIRKLARELI;PEHLIVANKOY;3817
DENIZLI;AKKOY;3757
CORUM;BOGAZKALE;3749
KAYSERI;OZVATAN;3709
ERZURUM;PAZARYOLU;3645
OSMANIYE;HASANBEYLI;3629
BATMAN;HASANKEYF;3616
KARAMAN;BASYAYLA;3610
TOKAT;BASCIFTLIK;3601
ANTALYA;IBRADI;3457
KASTAMONU;HANONU;3457
MALATYA;DOGANYOL;3431
YALOVA;TERMAL;3365
BURDUR;KEMER/BURDUR;3322
KILIS;POLATELI;3230
KARAMAN;KAZIMKARABEKIR;3226
BILECIK;YENIPAZAR/BILECIK;3155
KASTAMONU;SEYDILER;3135
ESKISEHIR;MIHALGAZI;3045
BOLU;KIBRISCIK;3008
KASTAMONU;ABANA;3004
BILECIK;INHISAR;2972
TRABZON;DERNEKPAZARI;2836
ANKARA;EVREN;2808
KARABUK;OVACIK/KARABUK;2770
SIVAS;GOLOVA;2639
KUTAHYA;DUMLUPINAR;2549
SIVAS;DOGANSAR;2528
BINGOL;YAYLADERE;2524
KASTAMONU;AGLI;2510
KIRIKKALE;KARAKECILI;2460
KIRKLARELI;KOFCAZ;2451
AFYONKARAHISAR;KIZILOREN;2318
ELAZIG;AGIN;2220
ISPARTA;YENISARBADEMLI;2081
SIIRT;AYDINLAR;2076
RIZE;HEMSIN;2004
ESKISEHIR;HAN;1923
ERZINCAN;OTLUKBELI;1742
CANAKKALE;BOZCAADA;1688
KIRIKKALE;CELEBI;1606
KONYA;YALIHUYUK;1459
